<?xml version="1.0" encoding="UTF-8"?>

<beans xmlns="http://www.springframework.org/schema/beans"
	xmlns:xsi="http://www.w3.org/2001/XMLSchema-instance" xmlns:aop="http://www.springframework.org/schema/aop"
	xmlns:tx="http://www.springframework.org/schema/tx" xmlns:p="http://www.springframework.org/schema/p"
	xsi:schemaLocation="http://www.springframework.org/schema/beans 
						http://www.springframework.org/schema/beans/spring-beans-3.2.xsd
						http://www.springframework.org/schema/aop
						http://www.springframework.org/schema/aop/spring-aop-3.2.xsd
						http://www.springframework.org/schema/tx
        				http://www.springframework.org/schema/tx/spring-tx-3.0.xsd">
	<!-- Uncomment and add your base-package here: <context:component-scan base-package="org.springframework.samples.service"/> -->

	<tx:annotation-driven transaction-manager="transactionManager" />

	<!-- We define a Bean for datasource (MySQL) -->
	<bean id="dataSource"
		class="org.springframework.jdbc.datasource.DriverManagerDataSource">
		<property name="driverClassName" value="com.mysql.jdbc.Driver" />
		<property name="url" value="jdbc:mysql://localhost:3306/springmvc" />
		<property name="username" value="root" />
		<property name="password" value="" />
	</bean>


	<!-- We create Hibernate's SessionFactory bean to get a Hibernate session 
		in our program If you pay attention you'll realize that this bean config 
		is somehow like the hibernate.cfg.xml configuration. We don't need to create 
		that file now. -->
	<bean id="sessionFactory"
		class="org.springframework.orm.hibernate4.LocalSessionFactoryBean">
		<property name="dataSource" ref="dataSource" />
		<property name="annotatedClasses">
			<list>
				<value>org.sistema.springmvc.forms.models.Stock</value>
				<value>org.sistema.springmvc.forms.models.Producto</value>
			</list>
		</property>
		<property name="hibernateProperties">
			<props>
				<prop key="hibernate.show_sql">true</prop>
				<prop key="hibernate.dialect">org.hibernate.dialect.MySQLDialect</prop>
				<prop key="hibernate.hbm2ddl.auto">create-drop</prop>
			</props>
		</property>
	</bean>

	<bean id="transactionManager"
		class="org.springframework.orm.hibernate4.HibernateTransactionManager">
		<property name="sessionFactory" ref="sessionFactory" />
	</bean>

	<bean id="stockDAO" class="org.sistema.springmvc.forms.dao.StockDAO">
		<property name="sessionFactory" ref="sessionFactory" />
	</bean>

	<bean id="productoDAO" class="org.sistema.springmvc.forms.dao.ProductoDAO">
		<property name="sessionFactory" ref="sessionFactory" />
	</bean>

</beans>
